N_first_24,N_last_24,bits,tier,tier_ratio,fermat_normal,gated,schedule,status,integrity,elapsed_seconds,stages_completed,stages_total,theta_N,theta_p,theta_q,p_in_bounds,q_in_bounds
126135596373358054883109,054883109133123884457589,128,0,1.0000000002328306,0,False,light,not_factored,False,2.2,1,1,1.460331,1.023395,1.030567,False,False
222440253732781876908640,876908640082550282900347,128,0,1.0000000002328306,0,True,full,factored,True,0.6,1,3,1.520917,1.579369,1.299234,True,False
156940550272313933541442,933541442829664676906943,128,0,1.0000000002328306,0,False,light,factored,False,0.4,1,1,1.280594,0.925578,0.850540,False,False
215340100724492016012001,016012001583846963660363,128,0,1.0000000002328306,0,True,full,factored,True,0.6,1,3,1.440136,1.472163,1.193725,True,False
119620111973492057604194,057604194444277904263611,128,0,1.0000000002328306,0,False,light,factored,True,0.6,1,1,1.513899,1.095819,0.765748,False,False
