{
  "n_samples": 51,
  "pearson_r": -0.26147673014055395,
  "p_value": 0.06382305166720693
}